{
	"format_version": "1.9.0",
	"credit": "Made with Blockbench",
	"texture_size": [32, 32],
	"textures": {
		"0": "arnett:item/radio_active",
		"particle": "arnett:item/radio_active"
	},
	"elements": [
		{
			"from": [6.5, 6, 6],
			"to": [9.5, 6.3, 10],
			"faces": {
				"north": {"uv": [13, 9, 14.5, 9.5], "texture": "#0"},
				"east": {"uv": [11, 9, 13, 9.5], "texture": "#0"},
				"south": {"uv": [13, 9.5, 14.5, 10], "texture": "#0"},
				"west": {"uv": [11, 9.5, 13, 10], "texture": "#0"},
				"up": {"uv": [8, 2, 6.5, 0], "texture": "#0"},
				"down": {"uv": [8, 5, 6.5, 7], "texture": "#0"}
			}
		},
		{
			"from": [6.5, 0, 5],
			"to": [9.5, 9, 6],
			"faces": {
				"north": {"uv": [3, 0, 4.5, 4.5], "texture": "#0"},
				"east": {"uv": [3, 10.5, 3.5, 15], "texture": "#0"},
				"south": {"uv": [0, 4.5, 1.5, 9], "texture": "#0"},
				"west": {"uv": [3.5, 10.5, 4, 15], "texture": "#0"},
				"up": {"uv": [14.5, 10.5, 13, 10], "texture": "#0"},
				"down": {"uv": [14.5, 10.5, 13, 11], "texture": "#0"}
			}
		},
		{
			"from": [6.5, 0, 6],
			"to": [9.5, 5.3, 10],
			"faces": {
				"north": {"uv": [5, 5.5, 6.5, 8], "texture": "#0"},
				"east": {"uv": [4.5, 0, 6.5, 2.5], "texture": "#0"},
				"south": {"uv": [6, 2.5, 7.5, 5], "texture": "#0"},
				"west": {"uv": [1.5, 4.5, 3.5, 7], "texture": "#0"},
				"up": {"uv": [3, 9, 1.5, 7], "texture": "#0"},
				"down": {"uv": [8, 7, 6.5, 9], "texture": "#0"}
			}
		},
		{
			"from": [6.5, 6.5, 6],
			"to": [9.5, 7, 10],
			"faces": {
				"north": {"uv": [13, 11, 14.5, 11.5], "texture": "#0"},
				"east": {"uv": [11, 10, 13, 10.5], "texture": "#0"},
				"south": {"uv": [13, 11.5, 14.5, 12], "texture": "#0"},
				"west": {"uv": [11, 10.5, 13, 11], "texture": "#0"},
				"up": {"uv": [9, 4, 7.5, 2], "texture": "#0"},
				"down": {"uv": [9.5, 0, 8, 2], "texture": "#0"}
			}
		},
		{
			"from": [6.5, 6.3, 6],
			"to": [9.4, 6.5, 10],
			"faces": {
				"north": {"uv": [13, 12, 14.5, 12.5], "texture": "#0"},
				"east": {"uv": [11, 11, 13, 11.5], "texture": "#0"},
				"south": {"uv": [13.5, 0, 15, 0.5], "texture": "#0"},
				"west": {"uv": [11.5, 0, 13.5, 0.5], "texture": "#0"},
				"up": {"uv": [9.5, 6, 8, 4], "texture": "#0"},
				"down": {"uv": [6.5, 8, 5, 10], "texture": "#0"}
			}
		},
		{
			"from": [6.5, 5.8, 6],
			"to": [9.4, 6, 10],
			"faces": {
				"north": {"uv": [13.5, 0.5, 15, 1], "texture": "#0"},
				"east": {"uv": [11.5, 0.5, 13.5, 1], "texture": "#0"},
				"south": {"uv": [13.5, 1, 15, 1.5], "texture": "#0"},
				"west": {"uv": [11.5, 1, 13.5, 1.5], "texture": "#0"},
				"up": {"uv": [9.5, 8, 8, 6], "texture": "#0"},
				"down": {"uv": [9.5, 8, 8, 10], "texture": "#0"}
			}
		},
		{
			"from": [6.5, 5.5, 6],
			"to": [9.5, 5.8, 10],
			"faces": {
				"north": {"uv": [13.5, 1.5, 15, 2], "texture": "#0"},
				"east": {"uv": [11.5, 1.5, 13.5, 2], "texture": "#0"},
				"south": {"uv": [13.5, 2, 15, 2.5], "texture": "#0"},
				"west": {"uv": [11.5, 2, 13.5, 2.5], "texture": "#0"},
				"up": {"uv": [4.5, 10.5, 3, 8.5], "texture": "#0"},
				"down": {"uv": [1.5, 9, 0, 11], "texture": "#0"}
			}
		},
		{
			"from": [6.5, 5.3, 6],
			"to": [9.4, 5.5, 10],
			"faces": {
				"north": {"uv": [13.5, 2.5, 15, 3], "texture": "#0"},
				"east": {"uv": [11.5, 2.5, 13.5, 3], "texture": "#0"},
				"south": {"uv": [13.5, 3, 15, 3.5], "texture": "#0"},
				"west": {"uv": [11.5, 3, 13.5, 3.5], "texture": "#0"},
				"up": {"uv": [3, 11, 1.5, 9], "texture": "#0"},
				"down": {"uv": [10.5, 2, 9, 4], "texture": "#0"}
			}
		},
		{
			"from": [6.5, 7, 6],
			"to": [9.3, 9, 10],
			"faces": {
				"north": {"uv": [11, 4, 12.5, 5], "texture": "#0"},
				"east": {"uv": [10.5, 6.5, 12.5, 7.5], "texture": "#0"},
				"south": {"uv": [11, 5, 12.5, 6], "texture": "#0"},
				"west": {"uv": [10.5, 7.5, 12.5, 8.5], "texture": "#0"},
				"up": {"uv": [8, 11, 6.5, 9], "texture": "#0"},
				"down": {"uv": [11, 0, 9.5, 2], "texture": "#0"}
			}
		},
		{
			"from": [6.5, 0, 10],
			"to": [9.5, 9, 11],
			"faces": {
				"north": {"uv": [0, 0, 1.5, 4.5], "texture": "#0"},
				"east": {"uv": [10, 10, 10.5, 14.5], "texture": "#0"},
				"south": {"uv": [1.5, 0, 3, 4.5], "texture": "#0"},
				"west": {"uv": [10.5, 2, 11, 6.5], "texture": "#0"},
				"up": {"uv": [14, 6, 12.5, 5.5], "texture": "#0"},
				"down": {"uv": [6, 13, 4.5, 13.5], "texture": "#0"}
			}
		},
		{
			"from": [6.5, 9, 5],
			"to": [9.5, 10, 11],
			"faces": {
				"north": {"uv": [13.5, 3.5, 15, 4], "texture": "#0"},
				"east": {"uv": [11, 6, 14, 6.5], "texture": "#0"},
				"south": {"uv": [13.5, 4, 15, 4.5], "texture": "#0"},
				"west": {"uv": [11, 8.5, 14, 9], "texture": "#0"},
				"up": {"uv": [6, 5.5, 4.5, 2.5], "texture": "#0"},
				"down": {"uv": [5, 5.5, 3.5, 8.5], "texture": "#0"}
			}
		},
		{
			"from": [7, 4.5, 10.4],
			"to": [9, 9.5, 11.4],
			"faces": {
				"north": {"uv": [8, 10, 9, 12.5], "texture": "#0"},
				"east": {"uv": [2.5, 11, 3, 13.5], "texture": "#0"},
				"south": {"uv": [9, 10, 10, 12.5], "texture": "#0"},
				"west": {"uv": [6.5, 11, 7, 13.5], "texture": "#0"},
				"up": {"uv": [7.5, 2.5, 6.5, 2], "texture": "#0"},
				"down": {"uv": [12.5, 3.5, 11.5, 4], "texture": "#0"}
			}
		},
		{
			"from": [7, 8.4, 5.4],
			"to": [9, 10.4, 7.4],
			"faces": {
				"north": {"uv": [3.5, 4.5, 4.5, 5.5], "texture": "#0"},
				"east": {"uv": [7, 11, 8, 12], "texture": "#0"},
				"south": {"uv": [11, 11.5, 12, 12.5], "texture": "#0"},
				"west": {"uv": [7, 12, 8, 13], "texture": "#0"},
				"up": {"uv": [13, 12.5, 12, 11.5], "texture": "#0"},
				"down": {"uv": [13.5, 3.5, 12.5, 4.5], "texture": "#0"}
			}
		},
		{
			"from": [7.3, 8.9, 8.9],
			"to": [8.7, 16.9, 10.3],
			"faces": {
				"north": {"uv": [4, 10.5, 4.5, 14.5], "texture": "#0"},
				"east": {"uv": [10.5, 8.5, 11, 12.5], "texture": "#0"},
				"south": {"uv": [0, 11, 0.5, 15], "texture": "#0"},
				"west": {"uv": [11, 0, 11.5, 4], "texture": "#0"},
				"up": {"uv": [6.5, 5.5, 6, 5], "texture": "#0"},
				"down": {"uv": [3.5, 8, 3, 8.5], "texture": "#0"}
			}
		},
		{
			"from": [7.5, 13.9, 9.1],
			"to": [8.5, 21.9, 10.1],
			"faces": {
				"north": {"uv": [0.5, 11, 1, 15], "texture": "#0"},
				"east": {"uv": [1, 11, 1.5, 15], "texture": "#0"},
				"south": {"uv": [1.5, 11, 2, 15], "texture": "#0"},
				"west": {"uv": [2, 11, 2.5, 15], "texture": "#0"},
				"up": {"uv": [5, 10, 4.5, 9.5], "texture": "#0"},
				"down": {"uv": [14, 4.5, 13.5, 5], "texture": "#0"}
			}
		},
		{
			"from": [7, 7.4, 8.6],
			"to": [9, 13.4, 10.6],
			"faces": {
				"north": {"uv": [9.5, 4, 10.5, 7], "texture": "#0"},
				"east": {"uv": [9.5, 7, 10.5, 10], "texture": "#0"},
				"south": {"uv": [4.5, 10, 5.5, 13], "texture": "#0"},
				"west": {"uv": [5.5, 10, 6.5, 13], "texture": "#0"},
				"up": {"uv": [13.5, 5.5, 12.5, 4.5], "texture": "#0"},
				"down": {"uv": [13.5, 6.5, 12.5, 7.5], "texture": "#0"}
			}
		},
		{
			"from": [7.3, 9.9, 5.7],
			"to": [8.7, 11.9, 7.1],
			"faces": {
				"north": {"uv": [3, 7, 3.5, 8], "texture": "#0"},
				"east": {"uv": [7.5, 4, 8, 5], "texture": "#0"},
				"south": {"uv": [4.5, 8.5, 5, 9.5], "texture": "#0"},
				"west": {"uv": [6, 13, 6.5, 14], "texture": "#0"},
				"up": {"uv": [5.5, 14, 5, 13.5], "texture": "#0"},
				"down": {"uv": [14, 5, 13.5, 5.5], "texture": "#0"}
			}
		},
		{
			"from": [7, 8.4, 5.4],
			"to": [9, 10.4, 7.4],
			"faces": {
				"north": {"uv": [12.5, 7.5, 13.5, 8.5], "texture": "#0"},
				"east": {"uv": [8, 12.5, 9, 13.5], "texture": "#0"},
				"south": {"uv": [9, 12.5, 10, 13.5], "texture": "#0"},
				"west": {"uv": [10.5, 12.5, 11.5, 13.5], "texture": "#0"},
				"up": {"uv": [12.5, 13.5, 11.5, 12.5], "texture": "#0"},
				"down": {"uv": [13.5, 12.5, 12.5, 13.5], "texture": "#0"}
			}
		},
		{
			"from": [7.3, 9.9, 5.7],
			"to": [8.7, 11.9, 7.1],
			"faces": {
				"north": {"uv": [7, 13, 7.5, 14], "texture": "#0"},
				"east": {"uv": [7.5, 13, 8, 14], "texture": "#0"},
				"south": {"uv": [2.5, 13.5, 3, 14.5], "texture": "#0"},
				"west": {"uv": [4.5, 13.5, 5, 14.5], "texture": "#0"},
				"up": {"uv": [6, 14, 5.5, 13.5], "texture": "#0"},
				"down": {"uv": [7, 13.5, 6.5, 14], "texture": "#0"}
			}
		}
	],
	"display": {
		"thirdperson_righthand": {
			"rotation": [-166.78, -12.29, 174.9],
			"translation": [-0.5, 2, 1],
			"scale": [0.6, 0.6, 0.6]
		},
		"thirdperson_lefthand": {
			"rotation": [-166.78, -12.29, 174.9],
			"translation": [-0.5, 2, 1],
			"scale": [0.6, 0.6, 0.6]
		},
		"firstperson_righthand": {
			"rotation": [-169.13, -30.87, -156.08],
			"translation": [8, -2.25, -8.25]
		},
		"firstperson_lefthand": {
			"rotation": [166.9, -21.27, -166.47],
			"translation": [15, 3.5, -12.5]
		},
		"ground": {
			"rotation": [-4.74, -18.74, 65],
			"scale": [0.5, 0.5, 0.5]
		},
		"gui": {
			"rotation": [-167.74, -52.09, -149.58],
			"translation": [0.25, 1, 0]
		},
		"head": {
			"rotation": [39.21, 9.55, 13.4],
			"translation": [-7.75, -2.5, -2.5],
			"scale": [0.8, 0.8, 0.8]
		},
		"fixed": {
			"rotation": [0, 90, 0]
		},
		"on_shelf": {
			"rotation": [0, -90, 0]
		}
	}
}